{
  "inference": {
    "ipc": 3.7247012686316876,
    "tma_l1": {
      "Retiring": 58.250461443452274,
      "Frontend": 2.9247715907921332,
      "BadSpec": 0.45822874053249046,
      "Backend": 38.372625153781186
    },
    "tma_l2": {
      "light_ops": 54.33621836481583,
      "heavy_ops": 3.914243078636449,
      "fetch_lat": 1.3003509146657755,
      "fetch_bw": 1.6244206761263578,
      "br_mispred": 0.4522283057587105,
      "machine_clears": 0.0060004347737799835,
      "mem_bound": 1.3064498852560658,
      "core_bound": 37.06617526852512
    },
    "l1_hit": 99.90525565965557,
    "l2_hit": 0.08951879331191506,
    "l3_hit": 0.004501962244677087,
    "miss": 0.0007235847878350845,
    "mpki": 0.002479623206401292,
    "avx": 0.0,
    "mflop": 3702.054252,
    "mlp": 1.485864219758188,
    "ilp": 3.6205959764041284,
    "cycles_per_60s": 240009249213.0,
    "cross_pass_ipc": {
      "TMA": 3.7247012686316876,
      "CACHE": 3.7063316853502695,
      "FP_A": 3.7274734956755626,
      "FP_B": 3.6936118553307757,
      "MLP": 3.7299522540771237
    },
    "dso": {
      "libcuda.so (CUDA driver / sync)": 85.31,
      "[vdso] (clock_gettime)": 10.86,
      "libc.so.6": 1.3,
      "python3.12": 1.13,
      "[kernel]": 0.42,
      "tokenizers": 0.29,
      "libtorch_cpu.so": 0.18,
      "libtorch_python.so": 0.17
    },
    "sync_path_pct": 96.2,
    "top_symbol": "cuEventSynchronize",
    "dominant_process": "VLLM::EngineCore (99.2% of samples)"
  },
  "tool_exec_workloads": [
    {
      "task": "astropy",
      "bench": "SWE-bench",
      "ipc": 1.6080765966244,
      "tma_l1": {
        "Retiring": 39.342200757713755,
        "Frontend": 33.509048524484555,
        "BadSpec": 11.834474225798141,
        "Backend": 16.320269638494576
      }
    },
    {
      "task": "scikit-learn",
      "bench": "SWE-bench",
      "ipc": 0.6534052527117717,
      "tma_l1": {
        "Retiring": 41.27101054631287,
        "Frontend": 27.26482058266792,
        "BadSpec": 4.642727153211223,
        "Backend": 30.20105370348664
      }
    },
    {
      "task": "sympy",
      "bench": "SWE-bench",
      "ipc": 1.3520187588621602,
      "tma_l1": {
        "Retiring": 22.57370485621339,
        "Frontend": 29.235595984488093,
        "BadSpec": 17.35861187501903,
        "Backend": 31.541748218111138
      }
    },
    {
      "task": "code-gen",
      "bench": "BigCodeBench",
      "ipc": 0.9406199109191068,
      "tma_l1": {
        "Retiring": 33.95872770643727,
        "Frontend": 25.22907526716215,
        "BadSpec": 7.023577363362558,
        "Backend": 33.96420921666805
      }
    },
    {
      "task": "calendar",
      "bench": "OpenClaw",
      "ipc": 1.7134944863614057,
      "tma_l1": {
        "Retiring": 29.414592426053233,
        "Frontend": 29.286863814851106,
        "BadSpec": 10.786585000299297,
        "Backend": 33.68363351595485
      }
    },
    {
      "task": "image-crop",
      "bench": "OpenClaw",
      "ipc": 1.006050015158894,
      "tma_l1": {
        "Retiring": 29.00843695225842,
        "Frontend": 22.861588330154834,
        "BadSpec": 13.471735048535166,
        "Backend": 36.43686062466287
      }
    },
    {
      "task": "web-digest",
      "bench": "OpenClaw",
      "ipc": 2.33828261958509,
      "tma_l1": {
        "Retiring": 37.73293956264703,
        "Frontend": 26.85037276733679,
        "BadSpec": 11.557341943565408,
        "Backend": 24.412891919544236
      }
    },
    {
      "task": "pdf-digest",
      "bench": "OpenClaw",
      "ipc": 2.284010629557133,
      "tma_l1": {
        "Retiring": 37.24284827582379,
        "Frontend": 22.524246003916982,
        "BadSpec": 14.205037834943926,
        "Backend": 28.245500837911802
      }
    }
  ],
  "tool_exec_aggregate": {
    "ipc": 1.486994783722495,
    "tma_l1": {
      "Retiring": 33.81805763543247,
      "Frontend": 27.095201409382803,
      "BadSpec": 11.360011305591843,
      "Backend": 29.35077095935427
    }
  },
  "_provenance": "Phase-1 CPU-during-inference: local vLLM Qwen2.5-7B-AWQ on RTX A2000, sustained agent-prompt load, perf scoped to whole engine (API server + VLLM::EngineCore, 232 threads). Non-multiplexed (FP from 2 split passes). Tool-exec = CANONICAL 8-workload TMA."
}