{
 "django (Python)": {
  "wall_min": 16.679762756824495,
  "cs": [
   29.80251,
   30.382112,
   5.341665
  ],
  "cs_total": 65.52628700000001,
  "tool_active_s": 58.232572078704834,
  "harn_active_s": 54.819971323013306,
  "calls_total": 127,
  "heavy_bursts": 84.0,
  "med_heavy_dur": 0.10219597816467285,
  "peak_spike": 13.19376937793972,
  "sust": 4.014937214249911,
  "tool_wall_pct": 5.8186850864009925,
  "tool": {
   "IPC": 1.1787082313755803,
   "brMPKI": 6.971633923440462,
   "DSB": 55.48525662041377,
   "MITE": 42.3224996638644,
   "MS": 2.192243715721831,
   "LSD": 0.0,
   "L1I_MPKI": 23.59304825052071,
   "L1D_MPKI": 5.920839826815897,
   "LLC_MPKI": 0.17515690118371985,
   "AMAT": 5.50139179948408,
   "MLP": 1.9954872175694127,
   "kern": 23.37576538017465,
   "vecFP": 0.0
  },
  "tma_tool": {
   "retiring": 26.68421154922407,
   "bad": 17.47574418574814,
   "fe": 32.3492285780681,
   "be": 23.490815686959692
  },
  "harness": {
   "IPC": 2.8159410534564286,
   "brMPKI": 1.0559061677393995,
   "DSB": 73.1035440423067,
   "MITE": 26.090117255518873,
   "MS": 0.8063387021744255,
   "LSD": 0.0,
   "L1I_MPKI": 6.585844812333085,
   "L1D_MPKI": 3.5065932452710884,
   "LLC_MPKI": 0.5470571966986802,
   "AMAT": 5.720240610083949,
   "MLP": 2.2396839816581258,
   "kern": 6.630139086894616,
   "vecFP": 0.0
  },
  "tma_harness": {
   "retiring": 42.01157969118294,
   "bad": 10.490113228721901,
   "fe": 20.330493374015756,
   "be": 27.167813706079404
  },
  "ecdf_tool_n": 127,
  "ecdf_harn_n": 145,
  "cumsum": {
   "tool": 30.382112,
   "harness": 29.80251
  },
  "tma_l2_tool": [
   21.356258292215248,
   5.327953257008822,
   19.683903697235483,
   12.665324880832614,
   16.946911544472535,
   0.5288326412756061,
   12.278513409843868,
   11.212302277115825
  ],
  "tma_l2_harness": [
   40.77787531997792,
   1.2337043712050175,
   8.42189302718418,
   11.908600346831575,
   9.06852872335637,
   1.4215845053655318,
   18.966135314148577,
   8.201678391930825
  ],
  "l3_tool": {
   "icache": 5.139417882012098,
   "itlb": 1.4563003195347153,
   "resteer": 7.387627293529201,
   "div": 0.08214197425165776,
   "dram_ge1": 32.94628820653131
  },
  "l3_harness": {
   "icache": 3.2998767255712447,
   "itlb": 0.8092036244538774,
   "resteer": 3.623948891635966,
   "div": 0.08002943444846544,
   "dram_ge1": 35.37439985255046
  },
  "tma_tree_tool": [
   21.356258292215248,
   5.327953257008822,
   5.139417882012098,
   1.4563003195347153,
   7.387627293529201,
   5.700558202159469,
   7.184898497736717,
   5.4804263830959,
   16.946911544472535,
   0.5288326412756064,
   10.898125579580787,
   0.6609474264762104,
   0.33288462852860173,
   0.38655577525826873,
   0.08214197425165776,
   11.130160302864168
  ],
  "tma_tree_harness": [
   40.77787531997792,
   1.2337043712050175,
   3.2998767255712447,
   0.8092036244538774,
   3.623948891635966,
   0.6888637855230915,
   8.776376217458107,
   3.132224129373469,
   9.06852872335637,
   1.4215845053655318,
   16.33957804436492,
   0.5344249315694545,
   0.23162403508496693,
   1.8605083031292367,
   0.08002943444846544,
   8.12164895748236
  ],
  "card": {
   "IPC": 2.8159410534564286,
   "uop-cache (DSB) %": 73.1035440423067,
   "OS share %": 6.630139086894616,
   "sustained peak (cores)": 0.7137607726111785
  }
 },
 "sympy (Python)": {
  "wall_min": 80.90564867258072,
  "cs": [
   631.572162,
   162.87505,
   41.191922
  ],
  "cs_total": 835.639134,
  "tool_active_s": 275.16682481765747,
  "harn_active_s": 719.8054540157318,
  "calls_total": 389,
  "heavy_bursts": 286.0,
  "med_heavy_dur": 0.306601881980896,
  "peak_spike": 1.3409190142709662,
  "sust": 1.0042892639551024,
  "tool_wall_pct": 5.668471636041912,
  "tool": {
   "IPC": 1.9090024239525538,
   "brMPKI": 4.011702526144957,
   "DSB": 56.431783863725066,
   "MITE": 42.41883170873968,
   "MS": 1.1493844275352516,
   "LSD": 0.0,
   "L1I_MPKI": 19.015695601257093,
   "L1D_MPKI": 7.439885618587438,
   "LLC_MPKI": 0.09667948317115066,
   "AMAT": 5.399201871548929,
   "MLP": 1.7613328876811947,
   "kern": 10.115700699784103,
   "vecFP": 0.049715081155584206
  },
  "tma_tool": {
   "retiring": 31.677782998186082,
   "bad": 19.419199831123354,
   "fe": 31.983075427403584,
   "be": 16.91994174328698
  },
  "harness": {
   "IPC": 2.8526564105202734,
   "brMPKI": 0.7049811130966156,
   "DSB": 75.98039963308514,
   "MITE": 23.130358725531373,
   "MS": 0.8892416413834852,
   "LSD": 0.0,
   "L1I_MPKI": 4.464322214676215,
   "L1D_MPKI": 2.6981502628300222,
   "LLC_MPKI": 0.3992812947239972,
   "AMAT": 5.541279181319948,
   "MLP": 2.494575631723044,
   "kern": 8.478360381522847,
   "vecFP": 0.0
  },
  "tma_harness": {
   "retiring": 42.43973774590309,
   "bad": 7.158049607710569,
   "fe": 16.000760492851523,
   "be": 34.40145215353482
  },
  "ecdf_tool_n": 389,
  "ecdf_harn_n": 568,
  "cumsum": {
   "tool": 162.87505,
   "harness": 631.572162
  },
  "tma_l2_tool": [
   29.009880487418293,
   2.667902510767789,
   16.66754179697963,
   15.315533630423955,
   18.046871672541027,
   1.3723281585823293,
   9.067161415153567,
   7.852780328133411
  ],
  "tma_l2_harness": [
   40.97280367627605,
   1.4669340696270368,
   5.278019175212093,
   10.722741317639429,
   5.6126844358426125,
   1.5453651718679562,
   24.791823884098893,
   9.609628269435923
  ],
  "l3_tool": {
   "icache": 6.408792039212971,
   "itlb": 0.8667703177840835,
   "resteer": 8.40748100515131,
   "div": 0.07772627760929306,
   "dram_ge1": 22.03019203177283
  },
  "l3_harness": {
   "icache": 1.8084739816876083,
   "itlb": 0.348951094602654,
   "resteer": 1.8983218366997823,
   "div": 0.08771289935052858,
   "dram_ge1": 33.55536848724024
  },
  "tma_tree_tool": [
   29.009880487418293,
   2.667902510767789,
   6.408792039212971,
   0.8667703177840835,
   8.40748100515131,
   0.9844984348312664,
   8.743323231569704,
   6.572210398854249,
   18.046871672541027,
   1.3723281585823273,
   8.186672562552278,
   0.569826941098971,
   0.1741596095437416,
   0.13650230195857602,
   0.07772627760929306,
   7.77505405052412
  ],
  "tma_tree_harness": [
   40.97280367627605,
   1.4669340696270368,
   1.8084739816876083,
   0.348951094602654,
   1.8983218366997823,
   1.2222722622220488,
   8.22027985628472,
   2.5024614613547094,
   5.6126844358426125,
   1.5453651718679566,
   22.114294074593086,
   0.5979261550282003,
   0.18665255875486492,
   1.8929510957227385,
   0.08771289935052858,
   9.521915370085399
  ],
  "card": {
   "IPC": 2.8526564105202734,
   "uop-cache (DSB) %": 75.98039963308514,
   "OS share %": 8.478360381522847,
   "sustained peak (cores)": 1.0033364052746272
  }
 },
 "babel (JavaScript)": {
  "wall_min": 7.259792617956797,
  "cs": [
   12.136769,
   37.867214,
   2.806136
  ],
  "cs_total": 52.810119,
  "tool_active_s": 34.73748755455017,
  "harn_active_s": 26.888179063796997,
  "calls_total": 94,
  "heavy_bursts": 23.0,
  "med_heavy_dur": 0.20426416397094727,
  "peak_spike": 15.974645919056865,
  "sust": 7.550279750119212,
  "tool_wall_pct": 7.974857635425295,
  "tool": {
   "IPC": 1.441127211939329,
   "brMPKI": 5.715410747055837,
   "DSB": 58.03980994379894,
   "MITE": 39.247601421508804,
   "MS": 2.712588634692254,
   "LSD": 0.0,
   "L1I_MPKI": 21.92170925489891,
   "L1D_MPKI": 4.353795704977046,
   "LLC_MPKI": 0.3067271339958843,
   "AMAT": 5.5074588956816255,
   "MLP": 1.6611204257494738,
   "kern": 12.531475264524424,
   "vecFP": 0.11200274077295068
  },
  "tma_tool": {
   "retiring": 30.563444698921103,
   "bad": 15.704963614498988,
   "fe": 39.901541321328665,
   "be": 13.830050365251243
  },
  "harness": {
   "IPC": 2.798984656700288,
   "brMPKI": 1.1567930934508475,
   "DSB": 70.10246955291812,
   "MITE": 29.186286877808453,
   "MS": 0.7112435692734298,
   "LSD": 0.0,
   "L1I_MPKI": 6.9111278467820165,
   "L1D_MPKI": 2.615156995081811,
   "LLC_MPKI": 0.0930877033413353,
   "AMAT": 5.204739684584156,
   "MLP": 2.1916314109333546,
   "kern": 4.827397860602681,
   "vecFP": 0.0
  },