{
  "during": {
    "IPC": 2.9704887971771514,
    "cache_MPKI": 0.22388651148541122,
    "branch_MPKI": 0.2066006485155947,
    "L1_pct": 98.25240607220246,
    "L2_pct": 1.7316744660873193,
    "L3_pct": 0.006854585425568756,
    "L3miss_pct": 0.009064876284651515,
    "AMAT_cyc": 5.198460956947634,
    "DRAM_MB": 11711.959872,
    "DRAM_MPKI": 0.029401342525408474,
    "stall_pct": 33.366749165405786,
    "memBound_pct": 1.8547516971378124,
    "MLP": 1.238168438342936,
    "vec_pct": 0.0,
    "avx512_pct": 0.0,
    "MFLOP": 2.304282
  },
  "outside": {
    "IPC": 0.7285907069602807,
    "cache_MPKI": 1.5214308736934004,
    "branch_MPKI": 3.1466222726987887,
    "L1_pct": 97.60605431580557,
    "L2_pct": 2.0555736532171385,
    "L3_pct": 0.2113516698529437,
    "L3miss_pct": 0.12702036112434947,
    "AMAT_cyc": 5.611865501510195,
    "DRAM_MB": 5405.851584,
    "DRAM_MPKI": 0.282292597510016,
    "stall_pct": 53.39833922541557,
    "memBound_pct": 2.075633906857251,
    "MLP": 1.8969484866950097,
    "vec_pct": 4.1727438245882595,
    "avx512_pct": 3.3937191543488052,
    "MFLOP": 200.907373
  },
  "native_roles": {
    "OS kernel \u2014 thread scheduling": 79.08999999999999,
    "OS kernel \u2014 futex / wait": 0.24000000000000002,
    "sync / spinlock / condvar": 2.3199999999999994,
    "CUDA driver \u2014 GPU sync": 1.4600000000000006,
    "Python interpreter": 3.6099999999999977,
    "PyTorch / ATen": 0.32000000000000006,
    "C library \u2014 memcpy/malloc": 0.9300000000000002,
    "other": 0.6900000000000001
  }
}