{
 "jigsaw (Python)": {
  "wall_min": 20.1135720094045,
  "cs": [
   5.40454166798419,
   40.091800332015815,
   7.370047
  ],
  "cs_total": 52.866389000000005,
  "tool_active_s": 27.560794353485107,
  "harn_active_s": 29.27893593188802,
  "calls_total": 39,
  "turns": 39,
  "internal_calls": 9,
  "heavy_bursts": 14.0,
  "med_heavy_dur": 0.4079095125198364,
  "peak_spike": 16.68034102537608,
  "sust": 2.416113706804832,
  "tool_wall_pct": 2.283764277888127,
  "tool": {
   "IPC": 1.734172798752876,
   "brMPKI": 2.484634279906717,
   "DSB": 33.73500354436219,
   "MITE": 65.40008756567008,
   "MS": 0.8649088899677337,
   "LSD": 0.0,
   "L1I_MPKI": 2.882090782163655,
   "L1D_MPKI": 10.458192377496102,
   "LLC_MPKI": 0.009348410045590845,
   "AMAT": 5.43990405714432,
   "MLP": 1.5978033326564431,
   "kern": 0.39082045132127846,
   "vecFP": 15.328020867350105
  },
  "tma_tool": {
   "retiring": 43.85518248096803,
   "bad": 5.727380448822871,
   "fe": 28.302701695418147,
   "be": 22.11473537479095
  },
  "harness": {
   "IPC": 1.4789579706406104,
   "brMPKI": 3.776128910850903,
   "DSB": 85.97821798808448,
   "MITE": 12.677607775978691,
   "MS": 1.3441742359368334,
   "LSD": 0.0,
   "L1I_MPKI": 15.647399051591176,
   "L1D_MPKI": 4.439807581823198,
   "LLC_MPKI": 0.5888413253160845,
   "AMAT": 5.773585328505724,
   "MLP": 1.65996838548858,
   "kern": 24.798956888766547,
   "vecFP": 0.0
  },
  "tma_harness": {
   "retiring": 27.177345781989118,
   "bad": 14.81949499733519,
   "fe": 29.111259830711738,
   "be": 28.891899389963957
  },
  "cumsum": {
   "tool": 39.446125,
   "harness": 6.050217
  },
  "tma_l2_tool": [
   35.53130590418349,
   8.323876576784542,
   11.370004407733823,
   16.932697287684324,
   3.9004200083860074,
   1.8269604404368631,
   6.966162083144619,
   15.148573291646331
  ],
  "tma_l2_harness": [
   25.298714643467385,
   1.8786311385217307,
   17.641669850963343,
   11.469589979748397,
   14.323027263436668,
   0.49646773389852156,
   20.221796461040245,
   8.67010292892371
  ],
  "l3_tool": {
   "icache": 0.358844149570517,
   "itlb": 0.10632385948460603,
   "resteer": 0.7281527525722893,
   "div": 0.08707677117648378,
   "dram_ge1": 44.46043649237152
  },
  "l3_harness": {
   "icache": 7.322110941218691,
   "itlb": 3.214596437694581,
   "resteer": 6.552967286524839,
   "div": 0.7410109237858717,
   "dram_ge1": 49.1979694730433
  },
  "tma_tree_tool": [
   35.53130590418349,
   8.323876576784542,
   0.358844149570517,
   0.10632385948460603,
   0.7281527525722893,
   10.176683646106412,
   5.76208279651075,
   11.170614491173573,
   3.9004200083860074,
   1.8269604404368631,
   6.13643666168611,
   0.7901946056059909,
   0.02762433716837209,
   0.011906478684145998,
   0.08707677117648378,
   15.061496520469847
  ],
  "tma_tree_harness": [
   25.298714643467388,
   1.8786311385217307,
   7.322110941218691,
   3.214596437694581,
   6.552967286524839,
   0.5519951855252323,
   9.9957088177551,
   1.4738811619932957,
   14.323027263436668,
   0.4964677338985215,
   17.202322250665368,
   0.7394408596505161,
   0.22419482090256468,
   2.0558385298217936,
   0.7410109237858717,
   7.929092005137839
  ]
 },
 "pdf-digest (Python)": {
  "wall_min": 9.799763874212902,
  "cs": [
   4.889193159139785,
   14.219411840860214,
   3.968553
  ],
  "cs_total": 23.077157999999997,
  "tool_active_s": 16.438963413238525,
  "harn_active_s": 17.44893150842318,
  "calls_total": 24,
  "turns": 25,
  "internal_calls": 0,
  "heavy_bursts": 19.0,
  "med_heavy_dur": 0.30670595169067383,
  "peak_spike": 1.0149620549457965,
  "sust": 1.0010475700489057,
  "tool_wall_pct": 2.7958094406226826,
  "tool": {
   "IPC": 2.4135461660666646,
   "brMPKI": 2.008868576379016,
   "DSB": 71.11694815571452,
   "MITE": 26.87729877192779,
   "MS": 2.0057530723576806,
   "LSD": 0.0,
   "L1I_MPKI": 5.667833738088855,
   "L1D_MPKI": 2.6675857911623635,
   "LLC_MPKI": 0.10427016979236378,
   "AMAT": 5.242749741244672,
   "MLP": 2.415682807752169,
   "kern": 19.915912535723987,
   "vecFP": 52.16576551096731
  },
  "tma_tool": {
   "retiring": 39.324185496063556,
   "bad": 13.137928590657747,
   "fe": 26.700941478127838,
   "be": 20.836944435150855
  },
  "harness": {
   "IPC": 1.613860418415337,
   "brMPKI": 3.9981958929057257,
   "DSB": 82.45325938820672,
   "MITE": 15.790873145097889,
   "MS": 1.755867466695389,
   "LSD": 0.0,
   "L1I_MPKI": 20.189964010141082,
   "L1D_MPKI": 5.601051776778787,
   "LLC_MPKI": 0.5695404450489409,
   "AMAT": 5.806738495299385,
   "MLP": 1.7860240445484612,
   "kern": 24.562088248944463,
   "vecFP": 0.0
  },
  "tma_harness": {
   "retiring": 27.940362617928454,
   "bad": 16.061525814589167,
   "fe": 30.16220956056111,
   "be": 25.83590200692127
  },
  "cumsum": {
   "tool": 13.784308,
   "harness": 5.324297
  },
  "tma_l2_tool": [
   36.69315900940519,
   2.631026486658363,
   10.865944203070459,
   15.834997275057379,
   12.755250217807358,
   0.38267837285039,
   10.745954732266107,
   10.09098970288475
  ],
  "tma_l2_harness": [
   26.205478373085064,
   1.734884244843391,
   17.02841948154456,
   13.13379007901655,
   15.508299244806288,
   0.5532265697828788,
   17.7933846616793,
   8.04251734524197
  ],
  "l3_tool": {
   "icache": 2.2980904871669527,
   "itlb": 0.388799792027236,
   "resteer": 3.1390536368823674,
   "div": 0.7678738284602068,
   "dram_ge1": 10.155492208616765
  },
  "l3_harness": {
   "icache": 12.400239307532733,
   "itlb": 5.522276913326933,
   "resteer": 8.467884866598359,
   "div": 0.9223790564578013,
   "dram_ge1": 45.79641743742291
  },
  "tma_tree_tool": [
   36.69315900940519,
   2.631026486658363,
   2.2980904871669527,
   0.388799792027236,
   3.1390536368823674,
   5.0400002869939025,
   11.491865242738802,
   4.343132032318577,
   12.755250217807358,
   0.3826783728503891,
   10.137203103031455,
   0.2901535488700896,
   0.1012842423104337,
   0.21731383805412874,
   0.7678738284602068,
   9.323115874424541
  ],
  "tma_tree_harness": [
   26.205478373085064,
   1.734884244843391,
   8.001260606098048,
   3.5632519362530766,
   5.463906939193434,
   0.0,
   11.02278347023216,
   2.1110066087843897,
   15.508299244806288,
   0.5532265697828791,
   14.97719535862953,
   0.8677728325021371,
   0.19878686099227044,
   1.749629609555365,
   0.9223790564578013,
   7.120138288784167
  ]
 },
 "web-digest (Python)": {
  "wall_min": 18.650286404291787,
  "cs": [
   7.408283545189505,
   3.183045454810496,
   13.873329
  ],
  "cs_total": 24.464658,
  "tool_active_s": 13.299534320831299,
  "harn_active_s": 43.41755582848374,
  "calls_total": 49,
  "turns": 40,
  "internal_calls": 7,
  "heavy_bursts": 13.0,
  "med_heavy_dur": 0.1027979850769043,
  "peak_spike": 1.0077099377664984,
  "sust": 0.7299125529387767,
  "tool_wall_pct": 1.1885013481411222,
  "tool": {
   "IPC": 2.9303584158419973,
   "brMPKI": 0.5633424643728836,
   "DSB": 74.72920324613102,
   "MITE": 24.257985840894484,
   "MS": 1.0128109129744867,
   "LSD": 0.0,
   "L1I_MPKI": 5.232099614747341,
   "L1D_MPKI": 2.816232047674911,
   "LLC_MPKI": 0.06872829870881865,
   "AMAT": 5.2239592149376275,
   "MLP": 1.7211022651273218,
   "kern": 18.9155764063876,
   "vecFP": 0.0
  },
  "tma_tool": {
   "retiring": 45.58138474356347,
   "bad": 9.119866641194657,
   "fe": 24.31890130286157,
   "be": 20.979847312380304
  },
  "harness": {
   "IPC": 1.5166657242219703,
   "brMPKI": 3.8557869383048207,
   "DSB": 69.1961701131749,
   "MITE": 28.440923531092626,
   "MS": 2.3629063557324677,
   "LSD": 0.0,
   "L1I_MPKI": 10.923646810649776,
   "L1D_MPKI": 4.84976627725767,
   "LLC_MPKI": 0.6612825355780481,
   "AMAT": 5.831118719613898,
   "MLP": 1.7425587616251001,
   "kern": 12.445032976426996,
   "vecFP": 0.0
  },
  "tma_harness": {
   "retiring": 28.707015602844276,
   "bad": 16.272715830246128,
   "fe": 28.471433135826636,
   "be": 26.548835431082964
  },
  "cumsum": {
   "tool": 2.446966,
   "harness": 8.144363
  },