{
  "bcb_block_core": {
    "microarch": {
      "IPC": 0.7761366491743855,
      "cache_MPKI": 7.5411188386671775,
      "branch_MPKI": 7.409615036895889,
      "cache_miss_rate": 36.38252289040008,
      "core_sec": 468.1127699999998
    },
    "fp": {},
    "python": {
      "output bookkeeping": 30.375426621160408,
      "sampler": 9.09732846887137,
      "input prep": 20.72496175120631,
      "model / gpu exec": 18.512416146875392,
      "scheduler / loop": 1.682946922443213,
      "wait / idle": 0.8826644698128749,
      "other": 18.724255619630434
    },
    "native": {
      "ctx-switch / sched": 82.7,
      "futex / cond-wait": 2.92,
      "cuda / driver": 0.39000000000000007,
      "torch / aten": 0.40000000000000013,
      "python interp": 3.089999999999998,
      "alloc / memcpy": 0.19000000000000003,
      "other": 0.8600000000000003
    }
  },
  "bcb_spin_core": {
    "microarch": {
      "IPC": 1.1596564172464456,
      "cache_MPKI": 4.21163455578982,
      "branch_MPKI": 4.326814872491537,
      "cache_miss_rate": 34.83015733391656,
      "core_sec": 483.5002000000003
    },
    "fp": {},
    "python": {
      "output bookkeeping": 57.117398084205824,
      "sampler": 10.83760302962798,
      "input prep": 8.253508576520382,
      "model / gpu exec": 10.559144575629302,
      "scheduler / loop": 1.5593673423925178,
      "wait / idle": 0.6905769659166852,
      "other": 10.98240142570728
    },
    "native": {
      "ctx-switch / sched": 80.12,
      "futex / cond-wait": 2.8999999999999995,
      "cuda / driver": 1.7900000000000007,
      "torch / aten": 0.31000000000000005,
      "python interp": 2.9999999999999982,
      "alloc / memcpy": 0.27,
      "other": 1.1400000000000006
    }
  }
}